{"cameraMode":{"drawMode":0,"name":"Shaded","section":"Shading Mode"},"sceneLighting":true,"audioPlay":false,"sceneViewState":{"m_AlwaysRefresh":false,"showFog":true,"showSkybox":true,"showFlares":true,"showImageEffects":true,"showParticleSystems":true,"showVisualEffectGraphs":true,"m_FxEnabled":true},"in2DMode":false,"pivot":{"x":-2.0354044437408449,"y":11.329183578491211,"z":189.99749755859376},"rotation":{"x":0.0029999923426657917,"y":-0.001499992678873241,"z":0.000004499991973716533,"w":0.9999943375587463},"size":10.818523406982422,"orthographic":false}